{"cameraMode":{"drawMode":0,"name":"Shaded","section":"Shading Mode"},"sceneLighting":false,"audioPlay":false,"sceneViewState":{"showFog":true,"showMaterialUpdate":true,"showSkybox":true,"showFlares":true,"showImageEffects":true,"showParticleSystems":true},"in2DMode":false,"pivot":{"x":-6.549739360809326,"y":10.79544448852539,"z":-18.32400894165039},"rotation":{"x":0.37535932660102847,"y":0.19249621033668519,"z":-0.08000492304563523,"w":0.9031339883804321},"size":44.72003173828125,"orthographic":false}