{"cameraMode":{"drawMode":0,"name":"Shaded","section":"Shading Mode"},"sceneLighting":false,"audioPlay":false,"sceneViewState":{"showFog":true,"showMaterialUpdate":true,"showSkybox":true,"showFlares":true,"showImageEffects":true,"showParticleSystems":true},"in2DMode":false,"pivot":{"x":-42.466285705566409,"y":-1.3600001335144044,"z":4.996460914611816},"rotation":{"x":0.002088524866849184,"y":0.9220221042633057,"z":-0.38711026310920718,"w":0.004977296106517315},"size":54.630149841308597,"orthographic":false}