{"cameraMode":{"drawMode":0,"name":"Shaded","section":"Shading Mode"},"sceneLighting":false,"audioPlay":false,"sceneViewState":{"showFog":true,"showMaterialUpdate":true,"showSkybox":true,"showFlares":true,"showImageEffects":true,"showParticleSystems":true},"in2DMode":false,"pivot":{"x":32.71329116821289,"y":-22.9320125579834,"z":22.595035552978517},"rotation":{"x":0.15374858677387238,"y":0.4922250807285309,"z":-0.08880775421857834,"w":0.8521699905395508},"size":118.86585998535156,"orthographic":false}